<?xml version="1.0" encoding="UTF-8"?>
<project-private xmlns="http://www.netbeans.org/ns/project-private/1">
    <editor-bookmarks xmlns="http://www.netbeans.org/ns/editor-bookmarks/2" lastBookmarkId="0"/>
    <open-files xmlns="http://www.netbeans.org/ns/projectui-open-files/2">
        <group>
            <file>file:/C:/xampp/htdocs/Tienda/Controllers/Usuarios.php</file>
            <file>file:/C:/xampp/htdocs/Tienda/Controllers/Sesion.php</file>
            <file>file:/C:/xampp/htdocs/Tienda/Helpers/Helpers.php</file>
            <file>file:/C:/xampp/htdocs/Tienda/Views/home.php</file>
        </group>
    </open-files>
</project-private>
